{"cameraMode":{"drawMode":0,"name":"Shaded","section":"Shading Mode"},"sceneLighting":true,"audioPlay":false,"sceneViewState":{"showFog":true,"showMaterialUpdate":false,"showSkybox":true,"showFlares":true,"showImageEffects":true,"showParticleSystems":true},"in2DMode":false,"pivot":{"x":0.5566128492355347,"y":-0.3285788595676422,"z":-2.809082508087158},"rotation":{"x":-0.13162466883659364,"y":-0.6967570185661316,"z":0.13241805136203767,"w":-0.6925821900367737},"size":14.04909610748291,"orthographic":false}